<?xml version="1.0" encoding="UTF-8"?>
<config xmlns="http://www.knime.org/2008/09/XMLConfig" xmlns:xsi="http://www.w3.org/2001/XMLSchema-instance" xsi:schemaLocation="http://www.knime.org/2008/09/XMLConfig http://www.knime.org/XMLConfig_2008_09.xsd" key="MiningSchema">
<config key="learning">
<entry key="array-size" type="xint" value="27"/>
<entry key="0" type="xstring" value="age"/>
<entry key="1" type="xstring" value="g"/>
<entry key="2" type="xstring" value="gs"/>
<entry key="3" type="xstring" value="mp"/>
<entry key="4" type="xstring" value="fg"/>
<entry key="5" type="xstring" value="fga"/>
<entry key="6" type="xstring" value="fg."/>
<entry key="7" type="xstring" value="x3p"/>
<entry key="8" type="xstring" value="x3pa"/>
<entry key="9" type="xstring" value="x3p."/>
<entry key="10" type="xstring" value="x2p"/>
<entry key="11" type="xstring" value="x2pa"/>
<entry key="12" type="xstring" value="x2p."/>
<entry key="13" type="xstring" value="efg."/>
<entry key="14" type="xstring" value="ft"/>
<entry key="15" type="xstring" value="fta"/>
<entry key="16" type="xstring" value="ft."/>
<entry key="17" type="xstring" value="orb"/>
<entry key="18" type="xstring" value="drb"/>
<entry key="19" type="xstring" value="trb"/>
<entry key="20" type="xstring" value="ast"/>
<entry key="21" type="xstring" value="stl"/>
<entry key="22" type="xstring" value="blk"/>
<entry key="23" type="xstring" value="tov"/>
<entry key="24" type="xstring" value="pf"/>
<entry key="25" type="xstring" value="pts"/>
<entry key="26" type="xstring" value="season_end"/>
</config>
<config key="target">
<entry key="array-size" type="xint" value="0"/>
</config>
</config>
